Цвет текстиля,Formula,Выдано швеям,Выдачи,Где используется,Закупки,Комментарии,Место покупки,Номер,Общий метраж купленный,Поставки,Связанные выдачи,Тип ткани,Швеи связанные
"Капучино ",0,0,,,,,ВсетканиТут,"312-4(супер стар раскладка , сейчас такого цвета нет)",0,,,Бархат Бета,
"Минд латте ",0,0,,,,,Реутовская мануфактура,312-94,0,,,Бархат Бета,
"Латте ",0,0,,,,,ВсетканиТут,А5018-4 (для салфетоквозможно взяла 312-94),0,,,Бархат Бета,
Пастельно-сиреневый бета,0,0,,,,,ВсетканиТут,9102-А25 (на салфетки брала 312-42),0,,,Бархат Бета,
"Серый ",0,0,,,,,ВсетканиТут,312-9 (на салфетки брала 312-49),0,,,Бархат Бета,
Спелая дыня,112,0,"Отдала на пошив 3 салфеток (%D0%96%D1%83%D1%80%D0%BD%D0%B0%D0%BB%20%D0%BF%D0%B5%D1%80%D0%B5%D0%B4%D0%B2%D0%B8%D0%B6%D0%B5%D0%BD%D0%B8%D1%8F%20%D1%82%D0%B5%D0%BA%D1%81%D1%82%D0%B8%D0%BB%D1%8F/%D0%92%D1%8B%D0%B4%D0%B0%D1%87%D0%B8/%D0%9E%D1%82%D0%B4%D0%B0%D0%BB%D0%B0%20%D0%BD%D0%B0%20%D0%BF%D0%BE%D1%88%D0%B8%D0%B2%203%20%D1%81%D0%B0%D0%BB%D1%84%D0%B5%D1%82%D0%BE%D0%BA%201ede4f8ffb4180e3aa52db9350d9d639.md), Отдала на пошив 2 скатертей (%D0%96%D1%83%D1%80%D0%BD%D0%B0%D0%BB%20%D0%BF%D0%B5%D1%80%D0%B5%D0%B4%D0%B2%D0%B8%D0%B6%D0%B5%D0%BD%D0%B8%D1%8F%20%D1%82%D0%B5%D0%BA%D1%81%D1%82%D0%B8%D0%BB%D1%8F/%D0%92%D1%8B%D0%B4%D0%B0%D1%87%D0%B8/%D0%9E%D1%82%D0%B4%D0%B0%D0%BB%D0%B0%20%D0%BD%D0%B0%20%D0%BF%D0%BE%D1%88%D0%B8%D0%B2%202%20%D1%81%D0%BA%D0%B0%D1%82%D0%B5%D1%80%D1%82%D0%B5%D0%B9%201ede4f8ffb41801ba074fad63fd34273.md)",,Купила 3 рулона спелая дыня (%D0%97%D0%B0%D0%BA%D1%83%D0%BF%D0%BA%D0%B8%20%D1%82%D0%B5%D0%BA%D1%81%D1%82%D0%B8%D0%BB%D1%8F/%D0%9F%D0%BE%D1%81%D1%82%D0%B0%D0%B2%D0%BA%D0%B8/%D0%9A%D1%83%D0%BF%D0%B8%D0%BB%D0%B0%203%20%D1%80%D1%83%D0%BB%D0%BE%D0%BD%D0%B0%20%D1%81%D0%BF%D0%B5%D0%BB%D0%B0%D1%8F%20%D0%B4%D1%8B%D0%BD%D1%8F%201ede4f8ffb41804c89b6e6fb5cca5bb6.md),,"Алишер, Реутовская мануфактура",999-101,112,Купила 3 рулона спелая дыня (%D0%97%D0%B0%D0%BA%D1%83%D0%BF%D0%BA%D0%B8%20%D1%82%D0%B5%D0%BA%D1%81%D1%82%D0%B8%D0%BB%D1%8F/%D0%9F%D0%BE%D1%81%D1%82%D0%B0%D0%B2%D0%BA%D0%B8/%D0%9A%D1%83%D0%BF%D0%B8%D0%BB%D0%B0%203%20%D1%80%D1%83%D0%BB%D0%BE%D0%BD%D0%B0%20%D1%81%D0%BF%D0%B5%D0%BB%D0%B0%D1%8F%20%D0%B4%D1%8B%D0%BD%D1%8F%201ede4f8ffb41804c89b6e6fb5cca5bb6.md),,Бархат Бета,
Кокосовый раф,0,0,,,,,"Реутовская мануфактура, Шер",312-95,0,,,Бархат Бета,
Рыжая лиса,0,0,,,,,"Реутовская мануфактура, Шер",312-99,0,,,Бархат Бета,
Сиреневая дымка,0,0,,,,,"Реутовская мануфактура, Шер",312-96,0,,,Бархат Бета,
Фиалковый,0,0,,,,,"Реутовская мануфактура, Шер",312-57,0,,,Бархат Бета,
Клубничный (алый с вишенкой),0,0,,"Пуфы Боу, Пуфы Квадро, Пуфы Фуфик, Пуфы Фуфик Макси, Пуфы Фуфик Миди",,,Садовод Абдулазиз,999-100,0,,,Бархат Бета,
Бледно-розовый,0,0,,,,,"Реутовская мануфактура, Шер",312-106,0,,,Бархат Бета,
Зеленый малахит,0,0,,"Пуфы Боу, Пуфы Фуфик, Салфетки, Скатерти, Чехлы Вашингтон",,,"Алишер, Реутовская мануфактура",999-46,0,,,Бархат Бета,
Светло-зелёный,0,0,,,,,ВсетканиТут,312-40,0,,,Бархат Бета,
Зеленый чай,0,0,,,,,"Реутовская мануфактура, Садовод Рамазан, Шер",312-89,0,,,Бархат Бета,
Красный дракон (алый),0,0,,"Салфетки, Скатерти, Чехлы Вашингтон, Чехлы Тиффани",,,"Реутовская мануфактура, Шер",312-73,0,,,Бархат Бета,
Черный салфетки,0,0,,Салфетки,,,Садовод Саид,312-92,0,,,Бархат Бета,
Черный скат пуфы вашинг,0,0,,"Пуфы Боу, Пуфы Фуфик, Чехлы Вашингтон",,,"Алмас Дима, Реутовская мануфактура",almas 5018-37,0,,,Бархат Бета,
Жемчужный,0,0,,,,,"Реутовская мануфактура, Шер",312-8,0,,,Бархат Бета,
Синий ван Гога,0,0,,,,,"Алмас Дима, Реутовская мануфактура",Almas 5018-33,0,,,Бархат Бета,
Гранатовый  (вашингтон и пуфы миди макси квадро),0,0,,"Пуфы Боу, Пуфы Квадро, Пуфы Фуфик Макси, Пуфы Фуфик Миди, Чехлы Вашингтон, Чехлы Тиффани",,,"Реутовская мануфактура, Шер",312-125,0,,,Бархат Бета,
"Голубой сапфир ",0,0,,,,,Дом текстиля,"Debute MJ802-75/300PB , но берём и 312-111",0,,,Бархат Бета,
Янтарный бета,0,0,,,,,"Реутовская мануфактура, Шер",312-58,0,,,Бархат Бета,
Белый ландыш,0,0,,"Пуфы Фуфик, Салфетки, Скатерти, Чехлы Вашингтон, Чехлы Тиффани",,,"Алмас Дима, Реутовская мануфактура",Almas 5018-38,0,,,Бархат Бета,
Золотая горчица,0,0,,,,,"Алишер, Реутовская мануфактура",999-086,0,,,Бархат Бета,
Фиолетовый люпин,65,0,Отдала на пошив 5 боу (%D0%96%D1%83%D1%80%D0%BD%D0%B0%D0%BB%20%D0%BF%D0%B5%D1%80%D0%B5%D0%B4%D0%B2%D0%B8%D0%B6%D0%B5%D0%BD%D0%B8%D1%8F%20%D1%82%D0%B5%D0%BA%D1%81%D1%82%D0%B8%D0%BB%D1%8F/%D0%92%D1%8B%D0%B4%D0%B0%D1%87%D0%B8/%D0%9E%D1%82%D0%B4%D0%B0%D0%BB%D0%B0%20%D0%BD%D0%B0%20%D0%BF%D0%BE%D1%88%D0%B8%D0%B2%205%20%D0%B1%D0%BE%D1%83%201ede4f8ffb4180dbb17cff9d3b90e9fc.md),,Купила 1 рулон люпина (%D0%97%D0%B0%D0%BA%D1%83%D0%BF%D0%BA%D0%B8%20%D1%82%D0%B5%D0%BA%D1%81%D1%82%D0%B8%D0%BB%D1%8F/%D0%9F%D0%BE%D1%81%D1%82%D0%B0%D0%B2%D0%BA%D0%B8/%D0%9A%D1%83%D0%BF%D0%B8%D0%BB%D0%B0%201%20%D1%80%D1%83%D0%BB%D0%BE%D0%BD%20%D0%BB%D1%8E%D0%BF%D0%B8%D0%BD%D0%B0%201ede4f8ffb4180579a05e4ec8723848a.md),,Шер,312-81,65,Купила 1 рулон люпина (%D0%97%D0%B0%D0%BA%D1%83%D0%BF%D0%BA%D0%B8%20%D1%82%D0%B5%D0%BA%D1%81%D1%82%D0%B8%D0%BB%D1%8F/%D0%9F%D0%BE%D1%81%D1%82%D0%B0%D0%B2%D0%BA%D0%B8/%D0%9A%D1%83%D0%BF%D0%B8%D0%BB%D0%B0%201%20%D1%80%D1%83%D0%BB%D0%BE%D0%BD%20%D0%BB%D1%8E%D0%BF%D0%B8%D0%BD%D0%B0%201ede4f8ffb4180579a05e4ec8723848a.md),,Бархат Бета,
Фруктовый зефир,0,0,,,,,"Реутовская мануфактура, Шер",312-52,0,,,Бархат Бета,
"Розовая сакура ",0,0,,,,,"Реутовская мануфактура, Шер",312-55,0,,,Бархат Бета,
Шалфей серебристый,0,0,,,,,"Реутовская мануфактура, Шер",312-69,0,,,Бархат Бета,
Дымчатый,0,0,,,,,Дом текстиля,Toscana HLR 310-80/300P,0,,,Бархат Бета,
Гранатовый скатерти (салфетки и мини фуфы),0,0,,"Пуфы Фуфик, Салфетки, Скатерти",,,"Реутовская мануфактура, Шер",312-61,0,,,Бархат Бета,
Черный пуф миди макси,0,0,,"Пуфы Квадро, Пуфы Фуфик Макси, Пуфы Фуфик Миди",,,Садовод Абдулазиз,999-023,0,,,Бархат Бета,
Осяное молоко лен,0,0,,,,,"Алмас Дима, Реутовская мануфактура",алмас 03,0,,,Лен,
Серый оникс,0,0,,,,,Дом текстиля,HH GD 3872- 227,0,,,Шелк,
Мента гамма,0,0,,,,,Дом текстиля,Interio SL1004-V09/300P,0,,,Канвас Гамма,
Темная ночь,0,0,,,,,Садовод Абдулазиз,999-98,0,,,Бархат Бета,
Белый гамма,0,0,,,,,Дом текстиля,Interio.  Byd Ada fonluk-V01/300P,0,,,Канвас Гамма,
Пудровый гамма,0,0,,,,,ВсетканиТут,Lizya AR01403 V-97,0,,,Канвас Гамма,
Черный шелк,0,0,,,,,Садовод Мухаммад,А-32,0,,,Шелк,
Хвойный лес,0,0,,,,,Дом текстиля,инфлюк 22,0,,,Канвас Гамма,
Голубое облако гамма,0,0,,,,,Садовод Саид,Lizya AR01403 V514,0,,,Канвас Гамма,
Светло-серый,0,0,,,,,Дом текстиля,ht kanvas 794|300,0,,,Канвас Гамма,
Эвкалиптовый гамма,0,0,,,,,ВсетканиТут,Lizya AR01403  248.,0,,,Канвас Гамма,
Лунно-розовый,0,0,,,,,Дом текстиля,HH GD 3872- 250,0,,,Шелк,
Шампань,0,0,,,,,Дом текстиля,HH GD3872-202,0,,,Шелк,
Пудровый шелк,0,0,,,,,Садовод Мухаммад,А-22,0,,,Шелк,
Кремовый,0,0,,,,,Алмас Дима,501-01,0,,,Шелк,
Черный гамма,0,0,,,,,Дом текстиля,Interio FB ANTIK-BLK/300P,0,,,Канвас Гамма,
Ванильный гамма,0,0,,,,,Дом текстиля,Interio SL1004-V03/300P,0,,,Канвас Гамма,
Охровый альфа,0,0,,,,,Бархатный лепесток,418,0,,,Габардин Альфа,
Дымчатый гамма,0,0,,,,,Садовод Саид,,0,,,Канвас Гамма,
Молочный альфа,0,0,,,,,Сельхоз,неизвестно,0,,,Габардин Альфа,
Фисташковый,0,0,,,,,Дом текстиля,инфлюк 24,0,,,Канвас Гамма,
Айвори шелк,0,0,,,,,"Садовод Абдулазиз, Садовод Мухаммад",А-28,0,,,Шелк,
Оливковый  альфа,0,0,,,,,Бархатный лепесток,624,0,,,Габардин Альфа,
Белая глазурь,0,0,,,,Фиговый сатин,Садовод Абдулазиз,странный толстый,0,,,Шелк,
Пломбир альфа,0,0,,,,,Бархатный лепесток,001,0,,,Габардин Альфа,
Розовый кварц лен,0,0,,,,,Бархатный лепесток,"HL-202 (270 г/м, 2069 лен)",0,,,Лен,
Пшеничный,0,0,,,,,Колибри,v96,0,,,Канвас Гамма,
Темно-синий гамма,0,0,,,,,ВсетканиТут,206,0,,,Канвас Гамма,
Тихий океан,0,0,,,,,Шер,312-38,0,,,Бархат Бета,
Фуксия,0,0,,,,,Бархатный лепесток,213,0,,,Габардин Альфа,
Инжирный,0,0,,,,,Бархатный лепесток,307,0,,,Габардин Альфа,
Кофейный,0,0,,,,,Бархатный лепесток,906,0,,,Габардин Альфа,
Граффитовый,0,0,,,,,Бархатный лепесток,812,0,,,Габардин Альфа,
Зеленый,0,0,,,,,Бархатный лепесток,613,0,,,Габардин Альфа,
Изумрудный,0,0,,,,,Сельхоз,,0,,,Габардин Альфа,
,0,0,,,,,,,0,,,Бархат Бета,
Блеск аметиста,0,0,,,,,Дом текстиля,HX 62108006-05,0,,,Шелк,
Льняной холст,0,0,,,,,Дом текстиля,Jas Thomas-C3,0,,,Лен,
Тиффани дешевый,0,0,,,,,Сельхоз,№10,0,,,Шелк,
снежный,0,0,,,,,Бархатный лепесток,000,0,,,Габардин Альфа,
Аквамарин,0,0,,,,,Садовод Саид,777-103,0,,,Бархат Бета,
Морозная мята,0,0,,,,,"Алмас Дима, Реутовская мануфактура",almas 5018-28,0,,,Бархат Бета,
Малиновый,0,0,,,,,Садовод Рамазан, Decoreto 21,0,,,Бархат Бета,
,0,0,,,,,,,0,,,Лен,
Мех букле белый,0,0,,,,,Стартекс,,0,,,Разное,
Парча Юми серебро,0,0,,,,,,,0,,,Разное,
Парча Юми золото,0,0,,,,,,,0,,,Разное,
Каппа Диор зеленый,0,0,,,,,Айсулы,,0,,,Разное,
Мелисса,0,0,,,,,"Гуля, Садовод",без черной нитки,0,,,Шелк,
Зеленая пастель,0,0,,,,,"Ахмед, Садовод",Hurrem(18156) цвет 382,0,,,Шелк,
Шоколадный,0,0,,"Пуфы Квадро, Пуфы Фуфик",,,Реутовская мануфактура,312-28,0,,,Бархат Бета,
,0,0,,,,,,,0,,,Разное,
Сливочный (масло),0,0,,,,,софия реутов мануфактура,софия 94,0,,,Канвас Гамма,
,0,0,,,,,,,0,,,Бархат Бета,
Зеленый малахит,0,0,,Чехлы Марсель,,,Шер,312-101,0,,,Бархат Бета,
Лимонадный,0,0,,,,,,403,0,,,Габардин Альфа,
Серый бархат стулья,0,0,,Чехлы Вашингтон,,,"Реутовская мануфактура, Шер",312-105,0,,,Бархат Бета,