Цвет текстиля,Номер,Где используется,Место покупки,Комментарии,Закупки,Связанные выдачи,Выдано швеям,Швеи связанные,Общий метраж купленный,Formula
Белый ландыш,Almas 5018-38,"Пуфы Фуфик, Салфетки, Скатерти, Чехлы Вашингтон, Чехлы Тиффани","Алмас Дима, Реутовская мануфактура",,,,0,,0,0
Бледно-розовый,312-106,,"Реутовская мануфактура, Шер",,,,0,,0,0
"Голубой сапфир ","Debute MJ802-75/300PB , но берём и 312-111",,Дом текстиля,,,,0,,0,0
Гранатовый  (вашингтон и пуфы миди макси квадро),312-125,"Пуфы Боу, Пуфы Квадро, Пуфы Фуфик Макси, Пуфы Фуфик Миди, Чехлы Вашингтон, Чехлы Тиффани","Реутовская мануфактура, Шер",,,,0,,0,0
Гранатовый скатерти (салфетки и мини фуфы),312-61,"Пуфы Фуфик, Салфетки, Скатерти","Реутовская мануфактура, Шер",,,,0,,0,0
Дымчатый,Toscana HLR 310-80/300P,,Дом текстиля,,,,0,,0,0
Жемчужный,312-8,,"Реутовская мануфактура, Шер",,,,0,,0,0
Зеленый малахит,999-46,"Пуфы Боу, Пуфы Фуфик, Салфетки, Скатерти, Чехлы Вашингтон","Алишер, Реутовская мануфактура",,,,0,,0,0
Зеленый чай,312-89,,"Реутовская мануфактура, Садовод Рамазан, Шер",,,,0,,0,0
Золотая горчица,999-086,,"Алишер, Реутовская мануфактура",,,,0,,0,0
"Капучино ","312-4(супер стар раскладка , сейчас такого цвета нет)",,ВсетканиТут,,,,0,,0,0
Кокосовый раф,312-95,,"Реутовская мануфактура, Шер",,,,0,,0,0
Клубничный (алый с вишенкой),999-100,"Пуфы Боу, Пуфы Квадро, Пуфы Фуфик, Пуфы Фуфик Макси, Пуфы Фуфик Миди",Садовод Абдулазиз,,,,0,,0,0
Красный дракон (алый),312-73,"Салфетки, Скатерти, Чехлы Вашингтон, Чехлы Тиффани","Реутовская мануфактура, Шер",,,,0,,0,0
"Латте ",А5018-4 (для салфетоквозможно взяла 312-94),,ВсетканиТут,,,,0,,0,0
"Минд латте ",312-94,,Реутовская мануфактура,,,,0,,0,0
Пастельно-сиреневый бета,9102-А25 (на салфетки брала 312-42),,ВсетканиТут,,,,0,,0,0
"Розовая сакура ",312-55,,"Реутовская мануфактура, Шер",,,,0,,0,0
Рыжая лиса,312-99,,"Реутовская мануфактура, Шер",,,,0,,0,0
Светло-зелёный,312-40,,ВсетканиТут,,,,0,,0,0
"Серый ",312-9 (на салфетки брала 312-49),,ВсетканиТут,,,,0,,0,0
Синий ван Гога,Almas 5018-33,,"Алмас Дима, Реутовская мануфактура",,,,0,,0,0
Сиреневая дымка,312-96,,"Реутовская мануфактура, Шер",,,,0,,0,0
Спелая дыня,999-101,,"Алишер, Реутовская мануфактура",,Купила 3 рулона спелая дыня (%D0%97%D0%B0%D0%BA%D1%83%D0%BF%D0%BA%D0%B8%20%D1%82%D0%B5%D0%BA%D1%81%D1%82%D0%B8%D0%BB%D1%8F/%D0%9F%D0%BE%D1%81%D1%82%D0%B0%D0%B2%D0%BA%D0%B8/%D0%9A%D1%83%D0%BF%D0%B8%D0%BB%D0%B0%203%20%D1%80%D1%83%D0%BB%D0%BE%D0%BD%D0%B0%20%D1%81%D0%BF%D0%B5%D0%BB%D0%B0%D1%8F%20%D0%B4%D1%8B%D0%BD%D1%8F%201ede4f8ffb41804c89b6e6fb5cca5bb6.md),,0,,112,112
Темная ночь,999-98,,Садовод Абдулазиз,,,,0,,0,0
Тихий океан,312-38,,Шер,,,,0,,0,0
Фиалковый,312-57,,"Реутовская мануфактура, Шер",,,,0,,0,0
Фиолетовый люпин,312-81,,Шер,,Купила 1 рулон люпина (%D0%97%D0%B0%D0%BA%D1%83%D0%BF%D0%BA%D0%B8%20%D1%82%D0%B5%D0%BA%D1%81%D1%82%D0%B8%D0%BB%D1%8F/%D0%9F%D0%BE%D1%81%D1%82%D0%B0%D0%B2%D0%BA%D0%B8/%D0%9A%D1%83%D0%BF%D0%B8%D0%BB%D0%B0%201%20%D1%80%D1%83%D0%BB%D0%BE%D0%BD%20%D0%BB%D1%8E%D0%BF%D0%B8%D0%BD%D0%B0%201ede4f8ffb4180579a05e4ec8723848a.md),,0,,65,65
,,,,,,,0,,0,0
Фруктовый зефир,312-52,,"Реутовская мануфактура, Шер",,,,0,,0,0
Черный пуф миди макси,999-023,"Пуфы Квадро, Пуфы Фуфик Макси, Пуфы Фуфик Миди",Садовод Абдулазиз,,,,0,,0,0
Черный салфетки,312-92,Салфетки,Садовод Саид,,,,0,,0,0
Черный скат пуфы вашинг,almas 5018-37,"Пуфы Боу, Пуфы Фуфик, Чехлы Вашингтон","Алмас Дима, Реутовская мануфактура",,,,0,,0,0
Шалфей серебристый,312-69,,"Реутовская мануфактура, Шер",,,,0,,0,0
Янтарный бета,312-58,,"Реутовская мануфактура, Шер",,,,0,,0,0
Аквамарин,777-103,,Садовод Саид,,,,0,,0,0
Морозная мята,almas 5018-28,,"Алмас Дима, Реутовская мануфактура",,,,0,,0,0
Малиновый, Decoreto 21,,Садовод Рамазан,,,,0,,0,0
Шоколадный,312-28,"Пуфы Квадро, Пуфы Фуфик",Реутовская мануфактура,,,,0,,0,0
,,,,,,,0,,0,0
Зеленый малахит,312-101,Чехлы Марсель,Шер,,,,0,,0,0
Серый бархат стулья,312-105,Чехлы Вашингтон,"Реутовская мануфактура, Шер",,,,0,,0,0
Черный шелк,А-32,,Садовод Мухаммад,,,,0,,0,0
Айвори шелк,А-28,,"Садовод Абдулазиз, Садовод Мухаммад",,,,0,,0,0
Пудровый шелк,А-22,,Садовод Мухаммад,,,,0,,0,0
Лунно-розовый,HH GD 3872- 250,,Дом текстиля,,,,0,,0,0
Серый оникс,HH GD 3872- 227,,Дом текстиля,,,,0,,0,0
Кремовый,501-01,,Алмас Дима,,,,0,,0,0
Шампань,HH GD3872-202,,Дом текстиля,,,,0,,0,0
Белая глазурь,странный толстый,,Садовод Абдулазиз,Фиговый сатин,,,0,,0,0
Блеск аметиста,HX 62108006-05,,Дом текстиля,,,,0,,0,0
Тиффани дешевый,№10,,Сельхоз,,,,0,,0,0
Мелисса,без черной нитки,,"Гуля, Садовод",,,,0,,0,0
Зеленая пастель,Hurrem(18156) цвет 382,,"Ахмед, Садовод",,,,0,,0,0
Осяное молоко лен,алмас 03,,"Алмас Дима, Реутовская мануфактура",,,,0,,0,0
Розовый кварц лен,"HL-202 (270 г/м, 2069 лен)",,Бархатный лепесток,,,,0,,0,0
Льняной холст,Jas Thomas-C3,,Дом текстиля,,,,0,,0,0
,,,,,,,0,,0,0
Пудровый гамма,Lizya AR01403 V-97,,ВсетканиТут,,,,0,,0,0
Эвкалиптовый гамма,Lizya AR01403  248.,,ВсетканиТут,,,,0,,0,0
Темно-синий гамма,206,,ВсетканиТут,,,,0,,0,0
Ванильный гамма,Interio SL1004-V03/300P,,Дом текстиля,,,,0,,0,0
Белый гамма,Interio.  Byd Ada fonluk-V01/300P,,Дом текстиля,,,,0,,0,0
Мента гамма,Interio SL1004-V09/300P,,Дом текстиля,,,,0,,0,0
Дымчатый гамма,,,Садовод Саид,,,,0,,0,0
Черный гамма,Interio FB ANTIK-BLK/300P,,Дом текстиля,,,,0,,0,0
Голубое облако гамма,Lizya AR01403 V514,,Садовод Саид,,,,0,,0,0
Хвойный лес,инфлюк 22,,Дом текстиля,,,,0,,0,0
Фисташковый,инфлюк 24,,Дом текстиля,,,,0,,0,0
Пшеничный,v96,,Колибри,,,,0,,0,0
Светло-серый,ht kanvas 794|300,,Дом текстиля,,,,0,,0,0
Сливочный (масло),софия 94,,софия реутов мануфактура,,,,0,,0,0
Молочный альфа,неизвестно,,Сельхоз,,,,0,,0,0
Пломбир альфа,001,,Бархатный лепесток,,,,0,,0,0
Охровый альфа,418,,Бархатный лепесток,,,,0,,0,0
Оливковый  альфа,624,,Бархатный лепесток,,,,0,,0,0
Инжирный,307,,Бархатный лепесток,,,,0,,0,0
Кофейный,906,,Бархатный лепесток,,,,0,,0,0
Граффитовый,812,,Бархатный лепесток,,,,0,,0,0
Зеленый,613,,Бархатный лепесток,,,,0,,0,0
Изумрудный,,,Сельхоз,,,,0,,0,0
Фуксия,213,,Бархатный лепесток,,,,0,,0,0
снежный,000,,Бархатный лепесток,,,,0,,0,0
Лимонадный,403,,,,,,0,,0,0
Мех букле белый,,,Стартекс,,,,0,,0,0
Парча Юми серебро,,,,,,,0,,0,0
Парча Юми золото,,,,,,,0,,0,0
Каппа Диор зеленый,,,Айсулы,,,,0,,0,0
,,,,,,,0,,0,0