Количество,Вид изделия,Дата,Дата заказа AR,Заказ,Поставщик,Статус,Тип,Цвет,Швея
Пуф мех букле 40 см  23 шт,Пуф Круг 40см,"May 8, 2025",,Срочный заказ,,Отшито,Пошив,Мех букле белый,Кристина
"Сиреневый шелк 20 кругл , 12 прямоуг , 200 салфеток","Салфетки, Скатерти круглые, Скатерти прямоугольные","May 8, 2025",,,,Отшито,Пошив,333-000 Сиреневый шелк,Кристина
"Красн дракон скат круг 330см (на весь рулон, из остатков салф)",Скатерти круглые,"May 8, 2025",,,,Отшито,Пошив,312-73 Красный дракон бархат,Кристина
Диор ткань зеленая,,"May 9, 2025",,,,Not started,Покупка ткани,Диор зеленая,
"Пуф круг аквамарин 80-5шт, 60-5шт, 40-30 шт",Пуф круг,"May 14, 2025",,Срочный заказ,,Отшито,Пошив,777-103 Аквамарин бархат,Людмила
Технич чехол на янтарный стул еще  80шт (суммарно надо 160),Технический чехол,"May 21, 2025",,,,Not started,Пошив,,Елена
Вашингтон 67 шт,Чехлы Вашингтон,"July 30, 2025",,,,Отшито,Пошив,312-73 Красный дракон бархат,Елена
Вашингтон 70 шт,Чехлы Вашингтон,"May 15, 2025","May 16, 2025",Срочный заказ,,Отшито,Пошив,312-95 Кокосовый раф бархат,Елена
Скатерть круг 330 см 17 шт (дошить все рулоны),Скатерти круглые,"May 15, 2025","May 15, 2025",Срочный заказ,,Отшито,Пошив,С3 Лен Натур холст (дом текст),Кристина
"Пуф круг 80-10 шт и 60-12 шт ","Пуф квадро, Пуф круг","May 23, 2025","May 24, 2025",Срочный заказ,,Отшито,Пошив,312-89 Зеленый чай бархат,Кристина
"пуф круг 80-15шт,60-15 шт, 40- 10шт",Пуф круг,"May 30, 2025",,,,Отшито,Пошив,Серебро Парча,Людмила
"Пуф круг жемчужный 80- 15шт, 60-15шт, 40 - 25 шт",Пуф круг,"May 16, 2025 → May 16, 2025",,,,Отшито,Пошив,312-8 Жемчужный бархат,Людмила
Пуф арка 3+3 (кроить сразу на большее количество 10+5 лучше всего),Пуф боу,"May 30, 2025","June 4, 2025",Срочный заказ,,Отшито,Пошив,312-111 Голубой сапфир бархат,Елена
"пуф круг 80-4 шт ",Пуф круг,"June 26, 2025",,Нет,,Отшито,Пошив,312-40 Светло зеленый бархат,Кристина
"Салфетки 60 шт углом, скат круг 335 см 3-4шт(дошить весь рулон)","Салфетки, Скатерти круглые","July 5, 2025","August 16, 2025",Есть заказ,,Отшито,Пошив,А-28 Айвори шелк,Кристина
"Скатерть круг 330 см 11 шт ( в заказ 11 ииюня  идут 3 шт, остальные идут 7 июля)",Скатерти круглые,"June 10, 2025","June 11, 2025",Срочный заказ,,Отшито,Пошив,Диор зеленая,Кристина
"Скатерть прямоуг  скат 410 см на 280 см, 10 шт(скорее всего больше не получится)(надставка с двух  сторон по 20 см)",Скатерти прямоугольные,"June 26, 2025","June 28, 2025",Есть заказ,,Отшито,Пошив,Диор зеленая,Кристина
Салфетки с красивым углом 120 шт (в ширину 4 шт как шелк салфетки),Скатерти круглые,"June 5, 2025","August 8, 2025",Заказ несрочный,,Отшито,Пошив,Диор зеленая,Кристина
Лавлейс 70 комплектов,,"May 26, 2025","August 31, 2025",Есть заказ,Криссталекс,Не заказано,Покупка посуды,,
Чехлы тиффани Темная ночь 50шт,Чехлы Тиффани,"May 27, 2025",,Срочный заказ,,Отшито,Пошив,999-98 Темная ночь бархат,Людмила
Госты зеленые,,"May 9, 2025",,,,Куплено,Покупка мебели,,
"Салфетки 50-60 шт(в заказ 35, но дошить бывесь кусок)",Салфетки,"May 28, 2025","May 29, 2025",Срочный заказ,,Отшито,Пошив,999-98 Темная ночь бархат,Кристина
Тиффани рыжая лиса 50шт (лучше 70-80 шт),Чехлы Тиффани,"May 30, 2025",,Срочный заказ,,Отшито,Пошив,312-99 Рыжая лиса бархат,Людмила
Пуф круг рыжая лиса 80-5шт и 60-5шт,Пуф круг,"May 30, 2025",,,,Отшито,Пошив,312-99 Рыжая лиса бархат,Людмила
"пуф круг  60-2 шт, 40-  40 шт",Пуф круг,"May 28, 2025",,,,Отшито,Пошив,312-81 Фиолетовый люпин бархат,Кристина
"Салфетки 120шт ",Салфетки,"May 28, 2025","June 20, 2025",Есть заказ,,Отшито,Пошив,312-81 Фиолетовый люпин бархат,Кристина
Скатерть круг 330 см 12шт ( в заказ идут все),Скатерти круглые,"June 10, 2025","June 11, 2025",Срочный заказ,,Отшито,Пошив,312-8 Жемчужный бархат,Кристина
"Пуф круг 80-1 шт, 60- 4 шт ",Пуф круг,"July 17, 2025",,Нет,,Отшито,Пошив,312-111 Голубой сапфир бархат,Кристина
Пуф круг 80-5 шт и 60 -5 шт и 40-10шт,Пуф круг,"June 6, 2025","July 5, 2025",Есть заказ,,Отшито,Пошив,915-21 Малиновый бархат,Людмила
Тестовая закупка Роулинги,,"April 1, 2025",,,Ресто Чайна,Куплено,,,
Тестовый отшив Елена,Скатерти прямоугольные,"January 30, 2025",,,,Отшито,Пошив,312-55 Розовая сакура бархат,Елена
Вашингтон жемчужный сидушки(!) 15шт,Чехлы Вашингтон,"May 16, 2025",,,,Отшито,Пошив,312-8 Жемчужный бархат,Людмила
"Техн чехол янтар гост  (сум-но надо 160, сделано пока 69 шт)",Технический чехол,"January 15, 2026",,,,Шьется,Пошив,,Елена
Техн чехол Сохо осталось сделать 24шт (шапочки),Технический чехол,"June 15, 2025",,,,Отшито,Пошив,,Елена
Пуф арка 10шт  мини и 5шт макси(закончить весь кусок),Пуф боу,"May 14, 2025","May 23, 2025",Заказ несрочный,,Отшито,Пошив,312-57 Фиалковый бархат,Елена
Пуф арка 8шт мини(закончить кусок) n,Пуф боу,"May 14, 2025",,,,Отшито,Пошив,999-100 Клубничный,Елена
"Вашингтон  35шт, пуф 40 см- 5шт, 60 см- 5 шт","Пуф круг, Чехлы Вашингтон","May 30, 2025","June 1, 2025",Срочный заказ,,Отшито,Пошив,312-8 Жемчужный бархат,Людмила
Пуф арка макс 5шт,Пуф боу,"May 30, 2025","June 4, 2025",Срочный заказ,,Отшито,Пошив,5018-33 Синий Ван Гога бархат,Елена
"Пуф круг 80-5 шт, 60- 5шт ",Пуф круг,"June 30, 2025",,Нет,,Отшито,Пошив,5018-33 Синий Ван Гога бархат,Кристина
"Пуф круг  80-9 шт, 60- 9шт, 40 см-4 шт",Пуф круг,"June 20, 2025",,,,Отшито,Пошив,312-96 Сиреневая дымка бархат,Кристина
Салфетки 60шт,Салфетки,"June 20, 2025",,,,Отшито,Пошив,312-96 Сиреневая дымка бархат,Кристина
Вашингтон  70шт,Чехлы Вашингтон,"June 17, 2025",,,,Отшито,Пошив,312-94 Миндальное латте,Людмила
Вашингтон  47шт,Чехлы Вашингтон,"June 6, 2025","August 2, 2025",Есть заказ,,Отшито,Пошив,312-99 Рыжая лиса бархат,Людмила
Вашингтон  60шт,Чехлы Вашингтон,"May 29, 2025","June 1, 2025",Срочный заказ,,Отшито,Пошив,312-96 Сиреневая дымка бархат,Елена
пуф круг 80 см 3 шт и 60 см 3 шт,Пуф круг,"May 16, 2025","May 16, 2025",Срочный заказ,,Отшито,Пошив,Серебро Парча,Людмила
Пуф арка 2 шт мини  и  2шт макси,Пуф боу,"May 15, 2025","May 16, 2025",Срочный заказ,,Отшито,Пошив,999-023 Черный бархат,Елена
Пуф квадро 30 шт,Пуф квадро,"May 23, 2025","May 23, 2025",Срочный заказ,,Отшито,Пошив,Серебро Парча,Кристина
"Пуф арка 45шт мини ",Пуф боу,"June 12, 2025","June 13, 2025",Срочный заказ,,Отшито,Пошив,312-125 Гранатовый бархат,Елена
Тиффани 20-25 шт(закончить кусок),Чехлы Тиффани,"May 30, 2025",,,,Отшито,Пошив,999-98 Темная ночь бархат,Людмила
пуф круг 60 -10 шт и 80-10шт,Пуф круг,"June 14, 2025","June 15, 2025",Срочный заказ,,Отшито,Пошив,312-57 Фиалковый бархат,Кристина
Сидушка из поролона 41шт,Сидушка Кроссбэк,"August 29, 2025","August 30, 2025",Срочный заказ,,Отшито,Пошив,Лен овсяное молоко,Елена
Пуф арка 5 шт мини и 5шт макси (в заказ идут 2+2)(дошить кусок),Пуф боу,"June 6, 2025","June 8, 2025",Срочный заказ,,Отшито,Пошив,915-21 Малиновый бархат,Елена
"Скатерть круг 7шт  ",Скатерти круглые,"December 1, 2025",,Нет,,Отшито,Пошив,С3 Лен Натур холст (дом текст),Кристина
"Пуф круг  60 -10 шт, пуф 80 -10 шт",Пуф круг,"July 5, 2025",,Нет,,Отшито,Пошив,312-95 Кокосовый раф бархат,Кристина
Тиффани 20шт,Чехлы Тиффани,"June 13, 2025","June 21, 2025",Есть заказ,,Отшито,Пошив,312-55 Розовая сакура бархат,Людмила
Тиффани 80 шт,Чехлы Тиффани,"June 17, 2025",,,,Отшито,Пошив,312-57 Фиалковый бархат,Людмила
"Бокалы Роулинг оранж и красн ",,"June 16, 2025",,,,В доставке,,,
"Пуфы фуфы и квадро ",,"May 27, 2025",,,,В доставке,,,
Тарелки Барто,,"May 16, 2025",,,,В доставке,,,
Пуф арка 30шт мини  и 1 макс (сделано 10 мини),Пуф боу,"September 5, 2025","September 6, 2025",Есть заказ,,Отшито,Пошив,312-55 Розовая сакура бархат,Елена
Пуф круг 40 - 16шт,Пуф круг,"June 30, 2025",,Нет,,Отшито,Пошив,312-69 Шалфей бархат,Кристина
Пуф арка 5 мини и 5 макси,Пуф боу,"May 20, 2025","May 21, 2025",Неоплачен заказ,,Отшито,Пошив,999-98 Темная ночь бархат,Елена
Тиффани 20-25 шт,Чехлы Тиффани,"June 17, 2025",,,,Отшито,Пошив,312-73 Красный дракон бархат,Людмила
Пуф круг 60 см 6шт и 80- 5 шт,Пуф круг,"June 17, 2025","June 21, 2025",Неоплачен заказ,,Not started,Пошив,999-98 Темная ночь бархат,Людмила
скатерти круг 330 см 5 шт(в. заказ идут все),Скатерти круглые,"June 10, 2025","June 11, 2025",Срочный заказ,,Отшито,Пошив,312-95 Кокосовый раф бархат,Кристина
Скатерть прямого 410 на 300 -4 шт,Скатерти прямоугольные,"May 23, 2025","May 24, 2025",Срочный заказ,,Отшито,Пошив,312-81 Фиолетовый люпин бархат,Кристина
Пуф круг 60 см- 5 шт и 80 см - 5 шт,Пуф круг,"June 6, 2025",,Нет,,Отшито,Пошив,777-103 Аквамарин бархат,Людмила
Пуф квадро 25 шт (сделано 4 шт),Пуф квадро,"July 31, 2025",,Нет,,Отшито,Пошив,312-99 Рыжая лиса бархат,Людмила
" Столы Вольф 240 20шт",,"June 12, 2025","July 4, 2025",Есть заказ,Chiedo Cover,Куплено,Покупка мебели,,
"Роулинг зеленый ( 2 поставки, 30+30+12 и 30 комплектов)",,"June 8, 2025","June 20, 2025",Есть заказ,Елена Азия,В доставке,Покупка посуды,,
Роулинг красный (замена брака+ новые 40 комплектов каждого цвета),,"June 16, 2025",,Нет,Елена Азия,Изготовление,Покупка посуды,,
Пуф боу 6 макси,,"May 27, 2025","June 2, 2025",Есть заказ,Вайлдберрис,В доставке,Покупка мебели,,
" Подстолья для змеек 25 шт и волн 16шт",,"June 12, 2025",,,Chiedo Cover,Куплено,Покупка мебели,,
" Столешницы для змеек 25 шт и волн 16шт",,"June 5, 2025","June 21, 2025",Есть заказ,Древиз,В доставке,Покупка мебели,,
Пуф боу 15 мини,,"May 27, 2025","June 16, 2025",Есть заказ,Вайлдберрис,В доставке,Покупка мебели,,
"Пуф круг 40 см  - 50 шт, 60 см-12 шт, 80 см -18 шт",,"May 27, 2025","May 28, 2025",Есть заказ,Горизонт,Куплено,Покупка мебели,,
Пуф квадро 45 шт,,"May 22, 2025","May 23, 2025",Есть заказ,Горизонт,Изготовление,Покупка мебели,,
Креманки металл 24 шт,,"June 5, 2025",,Нет,Озон,В доставке,Покупка посуды,,
Роулинг оранж (замена брака+ новые 40 комплектов каждого цвета),,"June 16, 2025","June 14, 2025",Есть заказ,Елена Азия,Изготовление,Покупка посуды,,
Кроссбеки 15шт + 13шт с реставрации,,"May 23, 2025","May 24, 2025",Есть заказ,Chiedo Cover,Куплено,Покупка мебели,,
"Салфетки 20-30шт(сколько выйдет) из двух скатертей ",Салфетки,"June 30, 2025",,Нет,,Отшито,Пошив,Кремовый шелк,Кристина
"Вашингтон 80 шт ",Чехлы Вашингтон,"June 20, 2025","June 24, 2025",Срочный заказ,,Отшито,Пошив,312-55 Розовая сакура бархат,Елена
пуф квадро 49  шт (отшито 12 шт),Пуф квадро,"July 5, 2025","August 12, 2025",Есть заказ,,Отшито,Пошив,312-95 Кокосовый раф бархат,Кристина
пуф квадро 17шт,Пуф квадро,"June 26, 2025",,Нет,,Отшито,Пошив,312-111 Голубой сапфир бархат,Кристина
Пуф круг 60 см  -5шт,Пуф круг,"June 10, 2025","June 11, 2025",Срочный заказ,,Отшито,Пошив,999-100 Клубничный,Кристина
пуф квадро 12 шт,Пуф квадро,"June 1, 2025","June 2, 2025",Срочный заказ,,Отшито,Пошив,312-95 Кокосовый раф бархат,Кристина
Пуф арка 5 шт и 5 шт макси,Пуф боу,"May 30, 2025","June 2, 2025",Срочный заказ,,Отшито,Пошив,312-95 Кокосовый раф бархат,Елена
"Пуф квадро-25 шт, круг 80 -2шт (если останется ткань- дошивать спросить)","Пуф квадро, Пуф круг","July 10, 2025",,Нет,,Отшито,Пошив,312-89 Зеленый чай бархат,Кристина
Пуф квадро -25 шт,Пуф квадро,"July 4, 2025",,Нет,,Отшито,Пошив,312-125 Гранатовый бархат,Людмила
Пуф квадро -40 шт,Пуф квадро,"July 18, 2025",,Нет,,Отшито,Пошив,312-40 Светло зеленый бархат,Людмила
Пуф квадро -40 шт,Пуф квадро,"June 18, 2025","June 19, 2025",Срочный заказ,,Отшито,Пошив,999-023 Черный бархат,Кристина
"Пуф квадро -30 шт ",Пуф квадро,"June 23, 2025","June 24, 2025",Срочный заказ,,Отшито,Пошив,312-8 Жемчужный бархат,Кристина
пуф квадро -30 шт,Пуф квадро,"July 10, 2025",,Нет,,Отшито,Пошив,312-81 Фиолетовый люпин бархат,Кристина
Салфетки 81 шт (в идеале запас 2 шт),Салфетки,"June 5, 2025","June 6, 2025",Срочный заказ,,Отшито,Пошив,Пшеничный канвас,Кристина
Скатерть круг 340 см 4 шт (в заказ).,Скатерти круглые,"June 24, 2025","June 25, 2025",Срочный заказ,,Отшито,Пошив,Серебро Парча,Елена
Тиффани 60 шт,Чехлы Тиффани,"July 18, 2025",,Нет,,Отшито,Пошив,5018-33 Синий Ван Гога бархат,Людмила
Фуфы 60 см 4 шт,,"June 3, 2025",,Есть заказ,Горизонт,Изготовление,Покупка мебели,,
"Ремонт нереиды ",,"May 29, 2025",,,Дмитрий аквариумы,Изготовление,Покупка мебели,,
,,,,,,Not started,,,
Номерки жасмин,,"May 31, 2025",,,,В доставке,Покупка декора,,
"Салфетки 35шт ",Салфетки,"June 12, 2025","June 13, 2025",Срочный заказ,,Отшито,Пошив,999-101 Спелая дыня,Кристина
скатерть круг 8 шт,Скатерти круглые,"June 25, 2025","August 10, 2025",Есть заказ,,Не заказано,Пошив,Серебро Парча,Кристина
Скатерть круг 330 см 5 шт,Скатерти круглые,"June 5, 2025","June 6, 2025",Срочный заказ,,Отшито,Пошив,001- Габардин пломбир,Кристина
Пуф арка макс 10шт мини 10шт,Пуф боу,"June 26, 2025",,,,Отшито,Пошив,312-89 Зеленый чай бархат,Елена
ремонт пуф круг 40 см серебро и жемчуг,,,,,,Отшито,Пошив,,Людмила
ремонт пуф круг спелая дыня 30шт,,,,,,Отшито,Пошив,,Людмила
Пуф арка макс 3 шт,Пуф боу,"January 15, 2026",,Нет,,Шьется,Пошив,312-96 Сиреневая дымка бархат,Елена
Столы Вольф Круглые 180см 10шт,,"June 26, 2025","July 11, 2025",Есть заказ,Chiedo Cover,Изготовление,Покупка мебели,,
Квадро пуф  серебро 4 новых,Пуф квадро,"June 10, 2025","June 11, 2025",Срочный заказ,,Отшито,Пошив,Серебро Парча,Кристина
Салфетки 46шт,Салфетки,"June 10, 2025","June 11, 2025",Срочный заказ,,Отшито,Пошив,312-69 Шалфей бархат,Кристина
сидушки на стул Вашингтон 25 шт на новые толстые (без спинок) +1 полный комплект,Чехлы Вашингтон,"June 6, 2025",,Нет,,Отшито,Пошив,312-8 Жемчужный бархат,Людмила
Пуф круг 40 см- 25 шт,Пуф круг,"June 12, 2025","June 13, 2025",Срочный заказ,,Отшито,Пошив,312-111 Голубой сапфир бархат,Кристина
пуф  круг 80 см 7 шт (кусок ткани в пакете),Пуф круг,"June 6, 2025","June 8, 2025",Срочный заказ,,Отшито,Пошив,312-125 Гранатовый бархат,Людмила
пуф круг 40 см -30 шт,Пуф круг,"June 4, 2025","June 5, 2025",Срочный заказ,,Отшито,Пошив,312-40 Светло зеленый бархат,Кристина
Из остатков салфетки с уголком красивым,Салфетки,"January 15, 2026",,Нет,,Отшито,Пошив,С3 Лен Натур холст (дом текст),Кристина
скатерть круг 340 см 1 шт,Скатерти круглые,"June 10, 2025","June 11, 2025",Срочный заказ,,Отшито,Пошив,Серебро Парча,Елена
"пуф круг 80 см 6 шт,  60 см 3шт",Пуф круг,"June 3, 2025","June 4, 2025",Срочный заказ,,Отшито,Пошив,312-111 Голубой сапфир бархат,Кристина
Скатерть круг 330 см 9 шт(8 в заказ),Скатерти круглые,"June 7, 2025","June 8, 2025",Срочный заказ,,Отшито,Пошив,000-Габардин снежный,Елена
Скатерть круг 300см(!) 5 шт,Скатерти круглые,"June 11, 2025","June 12, 2025",Срочный заказ,,Отшито,Пошив,502-Габардин бежевый,Елена
Татьяна: ремонт пуф спелая дыня 65 шт и бледно-розовый 30шт,Пуф круг,"June 16, 2025",,Нет,,Отшито,Пошив,999-101 Спелая дыня,Людмила
Скатерти прямоуг 410 на 300 см 17 шт шт(помимо этого отшили 33),Скатерти прямоугольные,"September 19, 2025",,,,Отшито,Пошив,000-Габардин снежный,Кристина
Подстолья для змеек 15шт,,"July 4, 2025","July 11, 2025",Есть заказ,Chiedo Cover,Изготовление,Покупка мебели,,
Отшить скатерти Бета кокосовый раф круглые 2 шт,Скатерти круглые,"June 14, 2025","June 15, 2025",Есть заказ,,Отшито,Пошив,312-95 Кокосовый раф бархат,Кристина
"40 жемчужных чехлов на мини пуфики фуфики ",Пуф Круг 40см,"June 19, 2025","June 20, 2025",Есть заказ,,Отшито,Пошив,312-8 Жемчужный бархат,Кристина
Столешницы для змеек 15шт,,"July 4, 2025","July 11, 2025",Есть заказ,Древиз,Изготовление,Покупка мебели,,
60 салфеток шелк Айвори,Салфетки,"June 20, 2025","June 20, 2025",Срочный заказ,,Отшито,Пошив,А-28 Айвори шелк,Кристина
"Из остатков салфетки ",,"July 12, 2025",,,,Отшито,Пошив,Диор зеленая,Кристина
"Круг скатерти 330 см11 шт ",Скатерти круглые,"June 24, 2025","June 24, 2025",Срочный заказ,,Отшито,Пошив,Ванильный канвас,Кристина
"Прямоугоскатерти 410 на 300 25шт(можно пока к 3 июля сшить 10 шт, а потом к 11 июля еще 15)",Скатерти прямоугольные,"July 4, 2025","August 16, 2025",Есть заказ,,Отшито,Пошив,Ванильный канвас,Кристина
"Скатерть круг 330 см  10 шт ",Скатерти круглые,"October 1, 2025",,,,Отшито,Пошив,000-Габардин снежный,Кристина
Скатерть круг 330 см 15шт,Скатерти круглые,"July 5, 2025",,,,Отшито,Пошив,Ванильный канвас,Кристина
Салфетки из старых скатертей,,"July 12, 2025",,,,Отшито,Пошив,Ванильный канвас,Кристина
Из остатков салфетки,Салфетки,"July 12, 2025",,Нет,,Отшито,Пошив,001- Габардин пломбир,Кристина
Скатерть круг 340 см 4 шт,Скатерти круглые,"July 15, 2025","July 18, 2025",Срочный заказ,,Отшито,Пошив,Серебро Парча,Елена
Сидушка Тиффани. 40шт,Чехлы Тиффани,"January 15, 2026",,Нет,,Изготовление,Пошив,312-96 Сиреневая дымка бархат,Елена
Сидушки 46шт,Чехлы Вашингтон,"July 4, 2025",,,,Отшито,Пошив,312-8 Жемчужный бархат,Людмила
Пуфик круг 40 - 50 шт,Пуф круг,"July 3, 2025","July 4, 2025",Срочный заказ,,Отшито,Пошив,новый,Людмила
Пуфик квадро 50шт,Пуф квадро,"July 4, 2025","July 5, 2025",,,Отшито,Пошив,312-57 Фиалковый бархат,Людмила
"Скатерть прямоуг. 1 шт  ",Скатерти прямоугольные,"July 3, 2025",,,,Отшито,Пошив,312-96 Сиреневая дымка бархат,Кристина
"Скатерть прямоуг 1 шт,салфетки 45 шт ","Салфетки, Скатерти прямоугольные","July 10, 2025","July 11, 2025",Есть заказ,,Отшито,Пошив,999-98 Темная ночь бархат,Кристина
пуф квадро 25 шт,Пуф квадро,"July 18, 2025","July 19, 2025",Срочный заказ,,Отшито,Пошив,312-28 Шоколадный бархат,Людмила
Пуф квадро серебро -сколько выйдет из остатка,Пуф квадро,"July 18, 2025",,,,Отшито,Пошив,Серебро Парча,Людмила
пуф квадро - 30 шт,Пуф квадро,"July 25, 2025",,,,Отшито,Пошив,312-55 Розовая сакура бархат,Людмила
пуф квадро -10-20 шт скока останется от рулона,Пуф квадро,"July 18, 2025",,,,Отшито,Пошив,5018-33 Синий Ван Гога бархат,Людмила
пуф квадро -30шт,Пуф квадро,"July 25, 2025",,,,Отшито,Пошив,999-101 Спелая дыня,Людмила
,,,,,,Куплено,Пошив,,Кристина
Пуф круг 40 см. -20 шт,Пуф Круг 40см,"July 24, 2025",,Нет,,Отшито,Пошив,312-28 Шоколадный бархат,Людмила
пуф квадро -2шт,Пуф квадро,"July 10, 2025","July 11, 2025",Срочный заказ,,Отшито,Пошив,5018-33 Синий Ван Гога бархат,Людмила
Пуф арка макси 2 шт,Пуф Боу Макси,"July 10, 2025","July 11, 2025",Срочный заказ,,Отшито,Пошив,312-55 Розовая сакура бархат,Елена
Пуф арка макс 3шт,Пуф Боу Макси,"July 15, 2025","July 16, 2025",Срочный заказ,,Отшито,Пошив,312-55 Розовая сакура бархат,Елена
Скатерть прямоуг 410 см -6 шт,Скатерти прямоугольные,"July 10, 2025","July 11, 2025",Срочный заказ,,Отшито,Пошив,Мелисса шелк,Кристина
скатерть круг 7 шт (добить всю ткань),"Салфетки, Скатерти круглые","July 24, 2025",,Нет,,Отшито,Пошив,Мелисса шелк,Кристина
Пуф круг 40см  20шт,Пуф Круг 40см,"July 31, 2025",,Нет,,Отшито,Пошив,,Людмила
Скатерть прямоуг 410 на 300. 1-2шт,Скатерти прямоугольные,"January 15, 2026",,,,Изготовление,Пошив,Серебро Парча,Елена
Образец квадратного пуфа Шарпей оверсайз,,"October 1, 2025",,,,Отшито,Пошив,,Елена
Вашингтон 22 шт,Чехлы Вашингтон,"July 25, 2025","July 27, 2025",Срочный заказ,,Отшито,Пошив,312-40 Светло зеленый бархат,Людмила
скатерти круг 7 шт,Скатерти круглые,"July 24, 2025","July 25, 2025",Срочный заказ,,Отшито,Пошив,312-40 Светло зеленый бархат,Кристина
"Скатерть прямоугольной 410 на 300 7шт  ",Скатерти прямоугольные,"July 30, 2025",,,,Отшито,Пошив,312-8 Жемчужный бархат,Кристина
скатерть круг 330 см 12-13 шт,Скатерти круглые,"July 30, 2025",,,,Отшито,Пошив,312-8 Жемчужный бархат,Кристина
"скатерть круг 330 см 5 шт ",Скатерти круглые,"July 30, 2025","August 2, 2025",Срочный заказ,,Отшито,Пошив,312-95 Кокосовый раф бархат,Елена
"Пуф круг 40см  20-30 шт(сколько выйдет) и 60 см- 5 шт, 80 см -5 шт",Пуф Круг 40см,"July 31, 2025",,Нет,,Отшито,Пошив,999-46 Зеленый малахит,Людмила
Тиффани сидушки 70-80 шт(сколько выйдет) (из брак скатерти),Чехлы Тиффани,"July 31, 2025",,Нет,,Отшито,Пошив,312-8 Жемчужный бархат,Людмила
Пуф квадро 20 шт (сколько выйдет из отрезов),Пуф квадро,"July 31, 2025",,Нет,,Отшито,Пошив,Серебро Парча,Людмила
"пуф круг 60 см -5 шт и 80 см -5 шт ","Пуф Круг 60см, Пуф Круг 80см","July 31, 2025",,Нет,,Отшито,Пошив,312-28 Шоколадный бархат,Людмила
Вашингтон 10 шт(сколько выйдет из скатерти),Чехлы Вашингтон,"July 31, 2025",,Нет,,Отшито,Пошив,312-57 Фиалковый бархат,Людмила
"Тиффани сидушка 14 шт,",Чехлы Тиффани,"July 30, 2025","August 2, 2025",Срочный заказ,,Отшито,Пошив,312-95 Кокосовый раф бархат,Елена
"Скатерть круг 330 см - 14 шт(в заказ идет 12 шт, но добить весь рулон сразу)",Скатерти круглые,"July 25, 2025","July 28, 2025",Срочный заказ,,Отшито,Пошив,382 Зеленая пастель шелк,Кристина
Скатерть круг 14 шт(в заказ 9),Скатерти круглые,"July 30, 2025","August 16, 2025",Есть заказ,,Отшито,Пошив,А-27 Белая глазурь шелк,Кристина
Пуф круг 40 -32 шт,Пуф Круг 40см,"July 30, 2025","August 2, 2025",Срочный заказ,,Отшито,Пошив,312-95 Кокосовый раф бархат,Кристина
Квадро 7шт,Пуф квадро,"July 31, 2025",,Нет,,Отшито,Пошив,312-28 Шоколадный бархат,Людмила
Пуф арка мини 5 шт и макс 5 шт,Пуф боу,"January 15, 2026",,Нет,,Изготовление,Пошив,312-111 Голубой сапфир бархат,Елена
Салфетки 55 шт простые,Салфетки,"July 30, 2025",,Нет,,Отшито,Пошив,312-69 Шалфей бархат,Кристина
скатерть круг 330 см 10шт и скатерть прямоуг 300 на 410 см 2 шт,"Скатерти круглые, Скатерти прямоугольные","July 24, 2025","July 25, 2025",Срочный заказ,,Отшито,Пошив,312-69 Шалфей бархат,Кристина
пуф арка макс 5шт,Пуф боу,"January 15, 2026",,Нет,,Изготовление,Пошив,312-106 Бледно-розовый,Елена
пуф арка мини 8 шт и макси 4 шт,Пуф боу,"November 25, 2025","November 28, 2025",Есть заказ,,Отшито,Пошив,5018almas- Черный бархат,Елена
скатерть круг 330 см 10  шт (сколько выйдет),Скатерти круглые,"October 1, 2025",,Нет,,Отшито,Пошив,312-73 Красный дракон бархат,Кристина
"Пуф круг 80 см -4шт, 60 см. -4 шт","Пуф Круг 60см, Пуф Круг 80см","August 8, 2025",,Нет,,Отшито,Пошив,999-023 Черный бархат,Людмила
Пуф круг 40  - 20 шт (сколько выйдет из отреза),Пуф Круг 40см,"August 8, 2025",,Нет,,Отшито,Пошив,999-100 Клубничный,Людмила
"Пуф круг 40 см 54  шт(отшито 49, осталось 5 )",Пуф Круг 40см,"August 11, 2025",,,,Отшито,Пошив,312-95 Кокосовый раф бархат,Кристина
Пуф арка мини 13шт,Пуф боу,"August 8, 2025","August 10, 2025",Срочный заказ,,Отшито,Пошив,999-101 Спелая дыня,Елена
Салфетки 42шт красивый угол (сколько выйдет из остатков),Салфетки,"June 5, 2026","June 6, 2026",Есть заказ,,Отшито,Пошив,Мелисса шелк,Людмила
Пуф круг 60 см 6шт +1 индивидуальный с высотой на 2 см больше,Пуф Круг 60см,"August 8, 2025","August 9, 2025",Срочный заказ,,Отшито,Пошив,312-8 Жемчужный бархат,Кристина
технические чехлы на пирамиду Вашингтон 69 шт,Технический чехол,"August 30, 2025",,,,Отшито,Пошив,,Людмила
Скатерть круг 1 шт,Скатерти круглые,"August 8, 2025","August 10, 2025",Срочный заказ,,Отшито,Пошив,312-40 Светло зеленый бархат,Кристина
,,,,,,Куплено,Пошив,,Елена
"пуф квадро 9 шт ",Пуф квадро,"August 29, 2025","September 12, 2025",Есть заказ,,Отшито,Пошив,5018-33 Синий Ван Гога бархат,Людмила
"Чехлы технические из мулетона  на стол 200 на 100 -13шт, 240 на 100 -29 шт,  ",Технический чехол,"August 19, 2025",,,,Отшито,Пошив,,Людмила
Скатерть круг 330 см 2 шт,Скатерти круглые,"August 11, 2025","August 12, 2025",Срочный заказ,,Отшито,Пошив,999-46 Зеленый малахит,Кристина
"Чехлы технические из мулетона  на стол 180 на 90-16 шт , 200 на 100-  20шт",Технический чехол,"August 30, 2025",,,,Отшито,Пошив,,Людмила
Пуф арка мини  20 шт,Пуф боу,"September 12, 2025","September 13, 2025",Срочный заказ,,Отшито,Пошив,999-98 Темная ночь бархат,Елена
Пуф арка мини  19 шт,Пуф боу,"September 12, 2025","September 13, 2025",Срочный заказ,,Отшито,Пошив,312-8 Жемчужный бархат,Елена
Техник Чехол на стул кьявари 5 шт,Технический чехол,"February 19, 2026",,,,Изготовление,Пошив,Габардин,Елена
Прямоуг скатерть 300 на 410 3 шт,Скатерти прямоугольные,"August 27, 2025","August 28, 2025",Срочный заказ,,Отшито,Пошив,Sofia-94 Сливочный канвас,Кристина
скатерть прямоуг 300 на 410 1 шт,Скатерти прямоугольные,"August 27, 2025","October 1, 2025",Есть заказ,,Отшито,Пошив,312-96 Сиреневая дымка бархат,Кристина
Пуф круг 80 см - 4 шт и 60 см -10шт,Пуф круг,"August 29, 2025","August 30, 2025",Срочный заказ,,Отшито,Пошив,999-101 Спелая дыня,Людмила
Сидушка 102шт,Чехлы Марсель,"September 11, 2025","September 12, 2025",Срочный заказ,,Отшито,Пошив,312-8 Жемчужный бархат,Людмила
Сидушка 21шт,Чехлы Марсель,"September 15, 2025","September 17, 2025",Срочный заказ,,Отшито,Пошив,312-8 Жемчужный бархат,Людмила
"Спинка 102 шт ПЕРЕШИВ МОЛНИИ ",Чехлы Марсель,"October 9, 2025",,,,Не заказано,Пошив,312-8 Жемчужный бархат,Елена
Пуф круг 80 см - 3шт и 60 см -3 шт (но лучше по 5+5),Пуф круг,"January 15, 2026",,,,Не заказано,Пошив,Мех букле белый,Кристина
"Спинка 22 шт с НОВОЙ МОЛНИЕЙ ",Чехлы Марсель,"September 16, 2025","September 17, 2025",Срочный заказ,,Отшито,Пошив,312-8 Жемчужный бархат,Елена
Спинка и сидушка 80 шт,Чехлы Марсель,"September 29, 2025","September 30, 2025",Срочный заказ,,Отшито,Пошив,312-40 Светло зеленый бархат,Елена
Красный дракон 86 шт,Чехлы Марсель,"September 17, 2025","September 18, 2025",Срочный заказ,,Отшито,Пошив,312-73 Красный дракон бархат,Валентина
Сидушка 87 шт,Чехлы Марсель,"September 17, 2025","September 18, 2025",Срочный заказ,,Отшито,Пошив,312-125 Гранатовый бархат,Людмила
Спинки 87 шт,Чехлы Марсель,"September 17, 2025","September 18, 2025",Срочный заказ,,Отшито,Пошив,312-125 Гранатовый бархат,Елена
"Ремонт Спинка марсель  все что есть,(около 50) ПЕРЕШИВ МОЛНИИ",Чехлы Марсель,"February 26, 2026","February 28, 2026",Срочный заказ,,Изготовление,Пошив,312-125 Гранатовый бархат,Елена
Квадро пуфы. 5шт,Пуф квадро,"September 26, 2025","September 27, 2025",Срочный заказ,,Отшито,Пошив,777-103 Аквамарин бархат,Людмила
Скатерть круг 330 см  20 шт,Скатерти круглые,"January 15, 2026",,,,Изготовление,Пошив,000-Габардин снежный,Кристина
Салфетка 70 шт,Салфетки,"January 15, 2026",,,,Изготовление,Пошив,000-Габардин снежный,Кристина
скатерть круг 330см -12шт,Скатерти круглые,"October 9, 2025","October 17, 2025",Есть заказ,,Отшито,Пошив,312-58 Янтарный,Кристина
Пуф арка макс 10 шт и мини 4 шт,Пуф боу,"October 3, 2025","October 4, 2025",Срочный заказ,,Отшито,Пошив,312-89 Зеленый чай бархат,Елена
салфетка 20шт(или сколько выйдет) обычный уголок,Салфетки,"October 2, 2025","October 3, 2025",Срочный заказ,,Отшито,Пошив,Охровый габардин,Кристина
"Скатерть прямоугольного 2 шт ",Скатерти прямоугольные,"October 3, 2025","October 4, 2025",Срочный заказ,,Отшито,Пошив,312-61 Гранатовый бархат,Елена
Салфетки 60шт,Салфетки,"October 2, 2025","October 3, 2025",Срочный заказ,,Отшито,Пошив,312-61 Гранатовый бархат,Кристина
"Чехлы (полный комплект) 50 шт ",Чехлы Марсель,"October 26, 2025","October 27, 2025",Срочный заказ,,Отшито,Пошив,5018-33 Синий Ван Гога бархат,Елена
"Чехлы(полный комплект) по 1 шт каждого цвета 

Зелёный чай
Розовая сакура
Кокосовый раф
Спелая дыня
Сиреневая дымка",Чехлы Марсель,"October 26, 2025",,,,Отшито,Пошив,,Елена
Скатерть круг 6 шт и салфетки 20 шт,"Салфетки, Скатерти круглые","November 5, 2025","November 12, 2025",Есть заказ,,Отшито,Пошив,Синий Диор,Кристина
"марсель 13 шт ",Чехлы Марсель,"October 30, 2025",,,,Отшито,Пошив,312-81 Фиолетовый люпин бархат,Людмила
марсель 57 шт,Чехлы Марсель,"November 7, 2025","November 8, 2025",Срочный заказ,,Отшито,Пошив,5018almas- Черный бархат,Елена
"стул марсель 120 шт ",Чехлы Марсель,"November 15, 2025","November 16, 2025",Срочный заказ,,Отшито,Пошив,312-101 Зеленый малахитец,Елена
Квадро 12 шт,Пуф квадро,"November 19, 2025","November 20, 2025",Срочный заказ,,Отшито,Пошив,312-111 Голубой сапфир бархат,Людмила
"Вашингтон 6,5 шт ",Чехлы Вашингтон,"November 13, 2025","November 14, 2025",Срочный заказ,,Отшито,Пошив,312-125 Гранатовый бархат,Людмила
"ремонт сидушки марсель 120 шт(уже меньше по-моему), ДОП РЕЗИНКА",Чехлы Марсель,"February 12, 2026",,,,Изготовление,Пошив,312-101 Зеленый малахитец,Елена
Спинка марсель 10-15шт(сколько выйдет),Чехлы Марсель,"February 27, 2026","March 5, 2026",Есть заказ,,Изготовление,Пошив,5018almas- Черный бархат,Елена
Сидушка марсель 12 шт,Чехлы Марсель,"December 10, 2025",,,,Отшито,Пошив,5018almas- Черный бархат,Людмила
Пуф круг 40 см 10шт,Пуф Круг 40см,"December 10, 2025","December 19, 2025",Есть заказ,,Отшито,Пошив,312-28 Шоколадный бархат,Людмила
ИНВЕНТАРИЗАЦИЯ ткани!!!!,,"December 1, 2025",,Срочный заказ,,Изготовление,Пошив,,Елена
Скатерть круг 330 см 6 шт,Скатерти круглые,"December 8, 2025","December 10, 2025",Срочный заказ,,Отшито,Пошив,999-46 Зеленый малахит,Кристина
Салфетки 85 шт,Салфетки,"December 17, 2025","December 25, 2025",Есть заказ,,Отшито,Пошив,312-73 Красный дракон бархат,Кристина
Пуф круг 60 9 шт и 80 9шт,Пуф круг,"December 3, 2025","December 4, 2025",Срочный заказ,,Отшито,Пошив,Золото парча,Людмила
Покрывало 320 На 210 (из куска отдельного),,"December 19, 2025",,,,Отшито,Пошив,5018-33 Синий Ван Гога бархат,Кристина
Вашингтон 10 шт,Чехлы Вашингтон,"December 20, 2025","December 28, 2025",Есть заказ,,Отшито,Пошив,312-73 Красный дракон бархат,Людмила
Скатерть круг 14 шт,Скатерти круглые,"December 11, 2025","December 12, 2025",Срочный заказ,,Отшито,Пошив,312-28 Шоколадный бархат,Кристина
скатерть круг 30 шт,Скатерти круглые,"December 14, 2025","December 15, 2025",Срочный заказ,,Отшито,Пошив,312-73 Красный дракон бархат,Кристина
(!)ссалфетки 37 шт размером 45 на 45 см (очень важно размер сделать нормальным! клиенту обещали что будет не меньше!!),Салфетки,"December 16, 2025","December 18, 2025",Есть заказ,,Отшито,Пошив,999-46 Зеленый малахит,Кристина
"салфетки 100шт, но лучше больше ",Салфетки,"December 23, 2025","December 26, 2025",Срочный заказ,,Отшито,Пошив,312-73 Красный дракон бархат,Кристина
Салфетка 50шт,Салфетки,"December 15, 2025","December 15, 2025",Срочный заказ,,Изготовление,Пошив,Черный габардин,Кристина
салфетки 12 шт,Салфетки,"December 16, 2025","December 16, 2025",Срочный заказ,,Отшито,Пошив,5018almas- Черный бархат,Кристина
Салфетки 24 шт,Салфетки,"December 22, 2025","December 25, 2025",Есть заказ,,Отшито,Пошив,312-38 Тихий океан,Кристина
Скатерть 380 на 245 прямоуг 2 шт,Скатерти прямоугольные,"December 17, 2025","December 18, 2025",Срочный заказ,,Отшито,Пошив,312-73 Красный дракон бархат,Кристина
Починка пуфики 2 шт,Пуф круг,"December 23, 2025",,,,Изготовление,Пошив,915-21 Малиновый бархат,Кристина
марсель 35 шт+35 шт примерно,Чехлы Марсель,"January 30, 2026",,Срочный заказ,,Отшито,Пошив,5018-33 Синий Ван Гога бархат,Людмила
салфетки 120 шт,Салфетки,"February 4, 2026",,Срочный заказ,,Отшито,Пошив,312-73 Красный дракон бархат,Кристина
скатерть круг 4 шт,Скатерти круглые,"January 28, 2026",,Срочный заказ,,Отшито,Пошив,Серебро Парча,Кристина
квадратный чехол оверсайс со складками,,,,,,Изготовление,Пошив,,
чехол оверсайз со складками на квадро,Пуф квадро,"February 12, 2026",,,,Изготовление,Пошив,новый,Людмила
Отремонтировать пуф 80 см -1 шт,Пуф круг,"February 12, 2026",,,,Отшито,Пошив,Серебро Парча,Кристина
2 шт  пуфа круг 40 см -из цвет габардина,Пуф круг,"February 12, 2026",,,,Отшито,Пошив,Габардин,Кристина
ушить пододеяльник -2шт,Пуф круг,"February 12, 2026",,,,Отшито,Пошив,,Кристина
"Цветок-подушка 50 см диаметром ",Эксперимент,"February 13, 2026",,,,Not started,Пошив,,Елена
Скатерти круг 330 см - 14 шт,Скатерти круглые,"February 11, 2026","February 11, 2026",Срочный заказ,,Отшито,Пошив,Серебро Парча,Кристина
"Шторы 3 шт , высота 175 см ширина 145 см(видимо максимальная), и кармашки под трубу(труба диаметром 5 см) ",Скатерти круглые,"February 11, 2026","February 11, 2026",Срочный заказ,,Отшито,Пошив,Серебро Парча,Кристина
скатерти круг т 330 см - 4шт,Скатерти круглые,"February 12, 2026","February 14, 2026",Есть заказ,,Отшито,Пошив,Серебро Парча,Кристина
Отремонтировать скатерть из парчи 1 шт,Скатерти круглые,"February 12, 2026",,,,Отшито,Пошив,Серебро Парча,Кристина
Прямоуг скатерть 2 шт 410 на 300 см,Скатерти прямоугольные,"February 9, 2026","February 10, 2026",Срочный заказ,,Изготовление,Пошив,Лен овсяное молоко,Елена
Марсель - 90 шт,Чехлы Марсель,"June 12, 2026","June 14, 2026",Есть заказ,,Изготовление,Пошив,312-89 Зеленый чай бархат,Елена
Ремонт Спинка около 10шт,Чехлы Марсель,"February 26, 2026","February 26, 2026",Есть заказ,,Изготовление,Пошив,5018-33 Синий Ван Гога бархат,Елена
Стулья марсель - 36 шт,Чехлы Марсель,"February 18, 2026","February 19, 2026",Срочный заказ,,Отшито,Пошив,312-28 Шоколадный бархат,Людмила
"Стулья марсель - 1шт ",Чехлы Марсель,"February 18, 2026",,,,Отшито,Пошив,312-55 Розовая сакура бархат,Людмила
Стулья марсель -1шт,Чехлы Марсель,"February 18, 2026",,,,Отшито,Пошив,312-99 Рыжая лиса бархат,Людмила
Пуфик Квадро 65 шт,Пуф квадро,"June 14, 2026","June 23, 2026",Есть заказ,,Изготовление,Пошив,999-98 Темная ночь бархат,Людмила
Марсель 70 шт,Чехлы Марсель,"June 14, 2026","June 23, 2026",Есть заказ,,Изготовление,Пошив,999-98 Темная ночь бархат,Людмила
Тиффани сидушки  55 шт,Чехлы Тиффани,"June 30, 2026","July 17, 2026",Есть заказ,,Изготовление,Пошив,999-46 Зеленый малахит,Людмила
"Сшить чехол на стул, салфетки из льна и хлопка с вьюнком и лентой бархата по 1шт (по-моемувыходит 6-8 вариантов ) ",Эксперименты,"February 21, 2026",,,,Отшито,Пошив,Лен,Кристина
"Скатерть прямоуг 4 шт, 295 на 410 ",Скатерти прямоугольные,"March 5, 2026",,,,Отшито,Пошив,312-69 Шалфей бархат,Кристина
"Скатерть прямоуг 4 шт, 295 на 410 ",Скатерти прямоугольные,"March 5, 2026",,,,Отшито,Пошив,999-98 Темная ночь бархат,Кристина
"Скатерть прямоуг 4 шт, 295 на 410 ",Скатерти прямоугольные,"March 5, 2026",,,,Отшито,Пошив,312-19 темно-серый бархат,Кристина
Скатерть круг 8 шт 330 см,Скатерти круглые,"March 5, 2026",,,,Отшито,Пошив,312-106 Серый бархат,Кристина
Скатерть круг 8 шт 330 см,Скатерти круглые,"March 5, 2026",,,,Отшито,Пошив,312-95 Кокосовый раф бархат,Кристина
Скатерть круг 8 шт 330 см,Скатерти круглые,"March 5, 2026",,,,Отшито,Пошив,312-42 Пастельно-сиреневый,Кристина
Салфетка 100шт обычный уголок,Салфетки,"March 9, 2026",,,,Отшито,Пошив,001- Габардин пломбир,Кристина
Салфетка 90 шт обычный уголок(ровные стороны и углы!!),Салфетки,"March 9, 2026",,,,Отшито,Пошив,22 Фисташковый канвас,Кристина
Марсель 25 шт новых+ починить 9 спинок недавно отшитых,Чехлы Марсель,"June 1, 2026","June 5, 2026",Есть заказ,,Отшито,Пошив,312-99 Рыжая лиса бархат,Елена
Салфетки -101 шт,Салфетки,"February 26, 2026","March 3, 2026",Срочный заказ,,Отшито,Пошив,Лен овсяное молоко,Елена
Марсель - 80 шт,Чехлы Марсель,"May 20, 2026",,Есть заказ,,Отшито,Пошив,312-95 Кокосовый раф бархат,Елена
"Салфетки 56шт , с уголком, размер такой же как делали до этого (50 на 50 см?). на складе поменяли- 47 на 47 м, но возможно они посели ?или реально так и делали?",Салфетки,"March 9, 2026","June 26, 2026",Есть заказ,,Отшито,Пошив,Синий Диор,Кристина
"Цветы 12 шт сакура и спелая дыня. 40 см сакура - 3 шт , 30 см желтые -2, 30 см роз- 2, 20 см желт- 3, 20 см роз - 2 шт",Пошив заказ,"February 26, 2026",,Срочный заказ,,Отшито,Пошив,312-55 Розовая сакура бархат,Людмила
скатерть круг 330 см 5 шт (3 шт из вашей ткани. и 2 шт из нашей ткани),Скатерти круглые,"March 9, 2026","March 21, 2026",,,Отшито,Пошив,312-55 Розовая сакура бархат,Кристина
Чехол на стул из плотной ткани со швами наружу. Высота: 91 см Ширина: 40 см Глубина: 41 см,Эксперименты,"March 9, 2026",,,,Отшито,Пошив,,Кристина
"Чехол на стул из тюли ",Эксперименты,"March 9, 2026",,,,Отшито,Пошив,,Кристина
"Скатерти прям 280 на 410 из коричневого сатена 3 шт и 3 салфетки ",Скатерти прямоугольные,"April 19, 2026","April 20, 2026",,,Отшито,Пошив,новый,Кристина
Скатерть круг 340 см диаметр 1 шт,Скатерти круглые,"April 19, 2026",,,,Отшито,Пошив,312-8 Жемчужный бархат,Кристина
Скатерть круг 340 см диаметр 1 шт,Скатерти круглые,"April 19, 2026",,,,Отшито,Пошив,312-125 Гранатовый бархат,Кристина
"Салфетки. 60 шт ",Салфетки,"April 19, 2026",,,,Отшито,Пошив,312-28 Шоколадный бархат,Кристина
Скатерти прямоуг 4 шт 300 на 410 см,Скатерти прямоугольные,"April 19, 2026","April 20, 2026",,,Отшито,Пошив,5018almas- Черный бархат,Кристина
"Марсель - 80 шт ",Чехлы Марсель,"June 11, 2026","June 13, 2026",Есть заказ,,Изготовление,Пошив,312-111 Голубой сапфир бархат,Елена
Салфетки 131 шт,Салфетки,"May 14, 2026","May 16, 2026",Срочный заказ,,Отшито,Пошив,312-61 Гранатовый бархат,Елена
Наволочки на подушки 5 шт,Подушки,"May 27, 2026","May 28, 2026",Срочный заказ,,Отшито,Пошив,312-28 Шоколадный бархат,Людмила
Наволочки на подушки 10 шт,Подушки,"May 22, 2026","May 23, 2026",Срочный заказ,,Отшито,Пошив,312-55 Розовая сакура бархат,Кристина
"Бант из поролона 90 на 50 см. хвосты 240 см ",Бант,"May 24, 2026","May 25, 2026",Есть заказ,,Отшито,Пошив,312-55 Розовая сакура бархат,Кристина
"Бант из поролона 90 на 50 см. хвосты 240 см ",Бант,"May 24, 2026","May 25, 2026",Есть заказ,,Отшито,Пошив,312-125 Гранатовый бархат,Кристина
"Бант из поролона 90 на 50 см. хвосты 240 см  ",Бант,,,Есть заказ,,Отшито,Пошив,312-8 Жемчужный бархат,Кристина
Бант из поролона 90 на 50 см. хвосты 240 см (или красный дракон),Бант,,,Есть заказ,,Отшито,Пошив,999-100 Клубничный,Кристина
Бант из поролона 90 на 50 см. хвосты 240 см  (если нет голуб сапфира можно ваш 312-16),Бант,,,Есть заказ,,Отшито,Пошив,312-111 Голубой сапфир бархат,Кристина
Бант из поролона 90 на 50 см. хвосты 240 см (нужен бежевый какой-то),Бант,,,Есть заказ,,Отшито,Пошив,новый,Кристина
Пуфик 40 см  60 шт,Пуф круг,"May 30, 2026","June 1, 2026",Есть заказ,,Отшито,Пошив,312-52 Фруктовый зефир,Людмила
Пуфик квадро 80шт,Пуф квадро,"June 30, 2026","July 7, 2026",Есть заказ,,Изготовление,Пошив,312-111 Голубой сапфир бархат,Людмила
"Скатерть 680 на 380 см и 20 салфеток. Велюр ","Салфетки, Скатерти прямоугольные","May 26, 2026","May 27, 2026",Срочный заказ,,Отшито,Пошив,новый,Людмила
Чехлы на соломенные стулья 72 шт,Пошив заказ,"June 16, 2026","June 17, 2026",Есть заказ,,Отшито,Пошив,новый,Кристина
"Пуф 40 см полоска 7шт ",Пуф Круг 40см,"June 2, 2026","June 3, 2026",Срочный заказ,,Отшито,Пошив,Полоска красная,Людмила
наволочки на подушки 12 шт,Подушки,"May 29, 2026","May 30, 2026",Срочный заказ,,Отшито,Пошив,312-73 Красный дракон бархат,Людмила
Тумбы  1 набор (5 шт разных по высоте),Тумбы,"May 27, 2026","May 28, 2026",Срочный заказ,,Отшито,Пошив,312-55 Розовая сакура бархат,Людмила
Пуфик квадро 15шт,Пуф квадро,"June 11, 2026","June 13, 2026",Есть заказ,,Отшито,Пошив,312-8 Жемчужный бархат,Людмила
Накидка из фатина 24 шт,Накидка на пуф,"June 2, 2026","June 6, 2026",Срочный заказ,,Отшито,Пошив,Фатин,Людмила
Наволочки на подушки 10 шт,Подушки,"May 31, 2026","June 1, 2026",Срочный заказ,,Отшито,Пошив,999-101 Спелая дыня,Людмила
Наволочки на подушки 10 шт,Подушки,"May 31, 2026","June 1, 2026",Срочный заказ,,Отшито,Пошив,312-57 Фиалковый бархат,Людмила
Юбка на пуф 8 шт,Юбка на пуф,"May 31, 2026","June 1, 2026",Срочный заказ,,Отшито,Пошив,999-101 Спелая дыня,Людмила
Тиффани сидушка 3 шт,Чехлы Тиффани,"June 4, 2026","June 5, 2026",Срочный заказ,,Отшито,Пошив,312-8 Жемчужный бархат,Людмила
Тумба 70 см 1 шт,Тумбы,"June 4, 2026","June 17, 2026",Есть заказ,,Отшито,Пошив,312-8 Жемчужный бархат,Людмила
Скатерть 6 шт круг 330 см,Скатерти круглые,"June 10, 2026",,Есть заказ,,Отшито,Пошив,новый,Алена
бал бла,,,,,,Изготовление,Пошив,,
скатерть 6 шт прямоугольная 295 на 300,Скатерти прямоугольные,"June 10, 2026","June 20, 2026",Есть заказ,,Отшито,Пошив,312-8 Жемчужный бархат,Алена
Наволочка на подушку 6 шт,Подушки,"June 24, 2026","June 26, 2026",Есть заказ,,Изготовление,Пошив,999-101 Спелая дыня,Людмила
Наволочка на подушку 16 шт,Подушки,"June 24, 2026","June 26, 2026",Есть заказ,,Изготовление,Пошив,312-8 Жемчужный бархат,Людмила
Чехол на подиум,Подиум,"June 16, 2026","June 18, 2026",Есть заказ,,Изготовление,Пошив,312-89 Зеленый чай бархат,Людмила
Подушки-сидушки из сатина с ямочками. 10 шт серых и 10 оранж,Оригинальное изделие,"June 29, 2026","June 30, 2026",Есть заказ,,Изготовление,Пошив,новый,Людмила
Пуфик круг 40 см  6шт,Пуф круг,"June 24, 2026","June 26, 2026",Есть заказ,,Изготовление,Пошив,Полоска желтая,Людмила